/*
 Navicat Premium Data Transfer

 Source Server         : localhost
 Source Server Type    : MySQL
 Source Server Version : 50719
 Source Host           : 127.0.0.1
 Source Database       : yicms

 Target Server Type    : MySQL
 Target Server Version : 50719
 File Encoding         : utf-8

 Date: 11/21/2017 21:28:21 PM
*/

SET NAMES utf8mb4;
SET FOREIGN_KEY_CHECKS = 0;

-- ----------------------------
--  Table structure for `action_logs`
-- ----------------------------
DROP TABLE IF EXISTS `action_logs`;
CREATE TABLE `action_logs` (
  `id` int(10) unsigned NOT NULL AUTO_INCREMENT,
  `admin_id` int(11) DEFAULT NULL COMMENT '管理员id',
  `data` json NOT NULL COMMENT '操作内容',
  `created_at` timestamp NULL DEFAULT NULL,
  `updated_at` timestamp NULL DEFAULT NULL,
  `type` tinyint(4) NOT NULL DEFAULT '1' COMMENT '操作日志类型,1 权限操作日志, 2 登录操作日志',
  PRIMARY KEY (`id`),
  KEY `action_logs_admin_id_index` (`admin_id`),
  KEY `action_logs_type_index` (`type`)
) ENGINE=InnoDB AUTO_INCREMENT=56 DEFAULT CHARSET=utf8mb4 COLLATE=utf8mb4_unicode_ci;

-- ----------------------------
--  Records of `action_logs`
-- ----------------------------
BEGIN;
INSERT INTO `action_logs` VALUES ('1', '1', '{\"ip\": \"127.0.0.1\", \"action\": \"操作了权限分配模块\", \"address\": \"本机地址本机地址\"}', '2017-11-20 05:47:12', '2017-11-20 05:47:12', '1'), ('2', '1', '{\"ip\": \"127.0.0.1\", \"action\": \"操作了权限分配模块\", \"address\": \"本机地址本机地址\"}', '2017-11-20 05:47:22', '2017-11-20 05:47:22', '1'), ('3', '1', '{\"ip\": \"127.0.0.1\", \"action\": \"操作了权限分配模块\", \"address\": \"本机地址本机地址\"}', '2017-11-20 05:47:58', '2017-11-20 05:47:58', '1'), ('4', '1', '{\"ip\": \"127.0.0.1\", \"action\": \"科诺设计 操作了 数据更新 模块\", \"address\": \"本机地址本机地址\"}', '2017-11-20 06:03:08', '2017-11-20 06:03:08', '1'), ('5', '1', '{\"ip\": \"127.0.0.1\", \"action\": \"科诺设计 操作了 权限分配 模块\", \"address\": \"本机地址本机地址\"}', '2017-11-20 06:03:44', '2017-11-20 06:03:44', '1'), ('6', '1', '{\"ip\": \"127.0.0.1\", \"action\": \"科诺设计 操作了 删除 模块\", \"address\": \"本机地址本机地址\"}', '2017-11-20 07:53:25', '2017-11-20 07:53:25', '1'), ('7', '1', '{\"ip\": \"127.0.0.1\", \"action\": \"科诺设计 操作了 删除 模块\", \"address\": \"本机地址本机地址\"}', '2017-11-20 07:57:55', '2017-11-20 07:57:55', '1'), ('8', '1', '{\"ip\": \"127.0.0.1\", \"action\": \"科诺设计 操作了 删除 模块\", \"address\": \"本机地址本机地址\"}', '2017-11-20 08:05:40', '2017-11-20 08:05:40', '1'), ('9', '1', '{\"ip\": \"127.0.0.1\", \"action\": \"科诺设计 操作了 权限分配 模块\", \"address\": \"本机地址本机地址\"}', '2017-11-20 14:24:43', '2017-11-20 14:24:43', '1'), ('10', '1', '{\"ip\": \"127.0.0.1\", \"action\": \"科诺设计 操作了 数据更新 模块\", \"address\": \"本机地址本机地址\"}', '2017-11-20 14:25:03', '2017-11-20 14:25:03', '1'), ('11', '2', '{\"ip\": \"127.0.0.1\", \"action\": \"kenuo 操作了 添加数据 模块\", \"address\": \"本机地址本机地址\"}', '2017-11-20 14:33:34', '2017-11-20 14:33:34', '1'), ('12', '2', '{\"ip\": \"127.0.0.1\", \"action\": \"kenuo 操作了 删除 模块\", \"address\": \"本机地址本机地址\"}', '2017-11-20 14:33:54', '2017-11-20 14:33:54', '1'), ('13', '1', '{\"ip\": \"127.0.0.1\", \"action\": \"科诺设计 操作了 添加数据 模块\", \"address\": \"本机地址本机地址\"}', '2017-11-20 15:13:17', '2017-11-20 15:13:17', '1'), ('14', '1', '{\"ip\": \"127.0.0.1\", \"action\": \"科诺设计 操作了 添加数据 模块\", \"address\": \"本机地址本机地址\"}', '2017-11-20 15:14:01', '2017-11-20 15:14:01', '1'), ('15', '1', '{\"ip\": \"127.0.0.1\", \"action\": \"管理员: 科诺设计 操作了 【权限管理】- 数据更新 模块\", \"address\": \"本机地址本机地址\"}', '2017-11-20 15:57:34', '2017-11-20 15:57:34', '1'), ('16', '1', '{\"ip\": \"127.0.0.1\", \"action\": \"管理员: 科诺设计 操作了 【角色管理】- 权限分配 模块\", \"address\": \"本机地址本机地址\"}', '2017-11-20 16:09:15', '2017-11-20 16:09:15', '1'), ('17', '1', '{\"ip\": \"127.0.0.1\", \"action\": \"管理员: 科诺设计 操作了 【管理员管理】- 添加数据 模块\", \"address\": \"本机地址本机地址\"}', '2017-11-21 05:57:46', '2017-11-21 05:57:46', '1'), ('18', '1', '{\"ip\": \"127.0.0.1\", \"action\": \"管理员: 科诺设计 操作了 【管理员管理】- 添加数据 模块\", \"address\": \"本机地址本机地址\"}', '2017-11-21 05:57:55', '2017-11-21 05:57:55', '1'), ('19', '1', '{\"ip\": \"127.0.0.1\", \"action\": \"管理员: 科诺设计 操作了 【操作日志】- 删除日志 模块\", \"address\": \"本机地址本机地址\"}', '2017-11-21 06:01:49', '2017-11-21 06:01:49', '1'), ('20', '1', '{\"ip\": \"127.0.0.1\", \"action\": \"管理员: 科诺设计 操作了 【操作日志】- 删除日志 模块\", \"address\": \"本机地址本机地址\"}', '2017-11-21 06:02:12', '2017-11-21 06:02:12', '1'), ('21', '1', '{\"ip\": \"127.0.0.1\", \"action\": \"管理员: 科诺设计 操作了 【管理员管理】- 添加数据 模块\", \"address\": \"本机地址本机地址\"}', '2017-11-21 06:22:06', '2017-11-21 06:22:06', '1'), ('22', '1', '{\"ip\": \"127.0.0.1\", \"action\": \"管理员: 科诺设计 1 ? 登录成功 : 登录失败,登录的账号为：科诺设计　密码为：123456\", \"address\": \"本机地址本机地址\"}', '2017-11-21 07:04:23', '2017-11-21 07:04:23', '1'), ('23', '1', '{\"ip\": \"127.0.0.1\", \"action\": \"管理员: 科诺设计 登录成功\", \"address\": \"本机地址本机地址\"}', '2017-11-21 07:14:25', '2017-11-21 07:14:25', '1'), ('24', '1', '{\"ip\": \"127.0.0.1\", \"action\": \"管理员: 科诺设计 操作了 【操作日志】- 删除日志 模块\", \"address\": \"本机地址本机地址\"}', '2017-11-21 07:14:37', '2017-11-21 07:14:37', '1'), ('25', '1', '{\"ip\": \"127.0.0.1\", \"action\": \"管理员: 科诺设计 登录成功\", \"address\": \"本机地址本机地址\"}', '2017-11-21 07:18:03', '2017-11-21 07:18:03', '1'), ('29', null, '{\"ip\": \"127.0.0.1\", \"action\": \" 登录失败,登录的账号为：科诺设计　密码为：aaaa\", \"address\": \"本机地址本机地址\"}', '2017-11-21 07:52:10', '2017-11-21 07:52:10', '2'), ('30', null, '{\"ip\": \"127.0.0.1\", \"action\": \" 登录失败,登录的账号为：你是傻逼　密码为：aaa\", \"address\": \"本机地址本机地址\"}', '2017-11-21 07:53:35', '2017-11-21 07:53:35', '2'), ('31', '1', '{\"ip\": \"127.0.0.1\", \"action\": \"管理员: 科诺设计 登录成功\", \"address\": \"本机地址本机地址\"}', '2017-11-21 07:53:56', '2017-11-21 07:53:56', '2'), ('32', '1', '{\"ip\": \"127.0.0.1\", \"action\": \"管理员: 科诺设计 操作了 【操作日志】- 删除日志 模块\", \"address\": \"本机地址本机地址\"}', '2017-11-21 08:08:28', '2017-11-21 08:08:28', '1'), ('33', '1', '{\"ip\": \"127.0.0.1\", \"action\": \"管理员: 科诺设计 操作了 【管理员管理】- 添加数据 模块\", \"address\": \"本机地址本机地址\"}', '2017-11-21 08:34:30', '2017-11-21 08:34:30', '1'), ('34', '1', '{\"ip\": \"127.0.0.1\", \"action\": \"管理员: 科诺设计 操作了 【管理员管理】- 添加数据 模块\", \"address\": \"本机地址本机地址\"}', '2017-11-21 08:40:58', '2017-11-21 08:40:58', '1'), ('35', '1', '{\"ip\": \"127.0.0.1\", \"action\": \"管理员: 科诺设计 操作了 【管理员管理】- 添加数据 模块\", \"address\": \"本机地址本机地址\"}', '2017-11-21 08:41:10', '2017-11-21 08:41:10', '1'), ('36', '1', '{\"ip\": \"127.0.0.1\", \"action\": \"管理员: 科诺设计 操作了 【管理员管理】- 添加数据 模块\", \"address\": \"本机地址本机地址\"}', '2017-11-21 08:47:09', '2017-11-21 08:47:09', '1'), ('37', '1', '{\"ip\": \"127.0.0.1\", \"action\": \"管理员: 科诺设计 操作了 【管理员管理】- 添加数据 模块\", \"address\": \"本机地址本机地址\"}', '2017-11-21 08:47:20', '2017-11-21 08:47:20', '1'), ('38', '1', '{\"ip\": \"127.0.0.1\", \"action\": \"管理员: 科诺设计 操作了 【管理员管理】- 数据更新 模块\", \"address\": \"本机地址本机地址\"}', '2017-11-21 08:54:08', '2017-11-21 08:54:08', '1'), ('39', '1', '{\"ip\": \"127.0.0.1\", \"action\": \"管理员: 科诺设计 操作了 【管理员管理】- 数据更新 模块\", \"address\": \"本机地址本机地址\"}', '2017-11-21 08:54:10', '2017-11-21 08:54:10', '1'), ('40', '1', '{\"ip\": \"127.0.0.1\", \"action\": \"管理员: 科诺设计 操作了 【管理员管理】- 数据更新 模块\", \"address\": \"本机地址本机地址\"}', '2017-11-21 08:58:59', '2017-11-21 08:58:59', '1'), ('41', '1', '{\"ip\": \"127.0.0.1\", \"action\": \"管理员: 科诺设计 操作了 【管理员管理】- 添加数据 模块\", \"address\": \"本机地址本机地址\"}', '2017-11-21 09:00:25', '2017-11-21 09:00:25', '1'), ('42', '1', '{\"ip\": \"127.0.0.1\", \"action\": \"管理员: 科诺设计 操作了 【管理员管理】- 添加数据 模块\", \"address\": \"本机地址本机地址\"}', '2017-11-21 09:02:00', '2017-11-21 09:02:00', '1'), ('43', '1', '{\"ip\": \"127.0.0.1\", \"action\": \"管理员: 科诺设计 操作了 【管理员管理】- 数据更新 模块\", \"address\": \"本机地址本机地址\"}', '2017-11-21 09:02:10', '2017-11-21 09:02:10', '1'), ('44', '1', '{\"ip\": \"127.0.0.1\", \"action\": \"管理员: 科诺设计 操作了 【管理员管理】- 数据更新 模块\", \"address\": \"本机地址本机地址\"}', '2017-11-21 09:02:23', '2017-11-21 09:02:23', '1'), ('45', '1', '{\"ip\": \"127.0.0.1\", \"action\": \"管理员: 科诺设计 操作了 【角色管理】- 数据更新 模块\", \"address\": \"本机地址本机地址\"}', '2017-11-21 09:13:35', '2017-11-21 09:13:35', '1'), ('46', '1', '{\"ip\": \"127.0.0.1\", \"action\": \"管理员: 科诺设计 操作了 【角色管理】- 添加数据 模块\", \"address\": \"本机地址本机地址\"}', '2017-11-21 09:14:13', '2017-11-21 09:14:13', '1'), ('47', '1', '{\"ip\": \"127.0.0.1\", \"action\": \"管理员: 科诺设计 操作了 【角色管理】- 添加数据 模块\", \"address\": \"本机地址本机地址\"}', '2017-11-21 09:16:58', '2017-11-21 09:16:58', '1'), ('48', '1', '{\"ip\": \"127.0.0.1\", \"action\": \"管理员: 科诺设计 操作了 【角色管理】- 添加数据 模块\", \"address\": \"本机地址本机地址\"}', '2017-11-21 09:17:02', '2017-11-21 09:17:02', '1'), ('49', '1', '{\"ip\": \"127.0.0.1\", \"action\": \"管理员: 科诺设计 操作了 【角色管理】- 权限分配 模块\", \"address\": \"本机地址本机地址\"}', '2017-11-21 09:18:31', '2017-11-21 09:18:31', '1'), ('50', '1', '{\"ip\": \"127.0.0.1\", \"action\": \"管理员: 科诺设计 操作了 【权限管理】- 数据更新 模块\", \"address\": \"本机地址本机地址\"}', '2017-11-21 10:43:16', '2017-11-21 10:43:16', '1'), ('51', '1', '{\"ip\": \"127.0.0.1\", \"action\": \"管理员: 科诺设计 操作了 【权限管理】- 数据更新 模块\", \"address\": \"本机地址本机地址\"}', '2017-11-21 10:44:00', '2017-11-21 10:44:00', '1'), ('52', '1', '{\"ip\": \"127.0.0.1\", \"action\": \"管理员: 科诺设计 操作了 【权限管理】- 添加数据 模块\", \"address\": \"本机地址本机地址\"}', '2017-11-21 12:25:07', '2017-11-21 12:25:07', '1'), ('53', '1', '{\"ip\": \"127.0.0.1\", \"action\": \"管理员: 科诺设计 操作了 【权限管理】- 添加数据 模块\", \"address\": \"本机地址本机地址\"}', '2017-11-21 12:33:23', '2017-11-21 12:33:23', '1'), ('54', '1', '{\"ip\": \"127.0.0.1\", \"action\": \"管理员: 科诺设计 操作了 【权限管理】- 添加数据 模块\", \"address\": \"本机地址本机地址\"}', '2017-11-21 12:49:39', '2017-11-21 12:49:39', '1'), ('55', '1', '{\"ip\": \"127.0.0.1\", \"action\": \"管理员: 科诺设计 操作了 【权限管理】- 添加数据 模块\", \"address\": \"本机地址本机地址\"}', '2017-11-21 12:49:44', '2017-11-21 12:49:44', '1');
COMMIT;

-- ----------------------------
--  Table structure for `admin_role`
-- ----------------------------
DROP TABLE IF EXISTS `admin_role`;
CREATE TABLE `admin_role` (
  `id` int(10) unsigned NOT NULL AUTO_INCREMENT,
  `admin_id` int(11) NOT NULL COMMENT '管理员id',
  `role_id` int(11) NOT NULL COMMENT '角色id',
  `created_at` timestamp NULL DEFAULT NULL,
  `updated_at` timestamp NULL DEFAULT NULL,
  PRIMARY KEY (`id`),
  KEY `admin_role_admin_id_index` (`admin_id`),
  KEY `admin_role_role_id_index` (`role_id`)
) ENGINE=InnoDB AUTO_INCREMENT=9 DEFAULT CHARSET=utf8mb4 COLLATE=utf8mb4_unicode_ci;

-- ----------------------------
--  Records of `admin_role`
-- ----------------------------
BEGIN;
INSERT INTO `admin_role` VALUES ('2', '2', '2', '2017-11-12 11:21:46', '2017-11-12 11:21:46'), ('3', '1', '2', null, null), ('6', '1', '1', '2017-11-13 03:13:36', '2017-11-13 03:13:36');
COMMIT;

-- ----------------------------
--  Table structure for `admins`
-- ----------------------------
DROP TABLE IF EXISTS `admins`;
CREATE TABLE `admins` (
  `id` int(10) unsigned NOT NULL AUTO_INCREMENT,
  `name` varchar(32) COLLATE utf8mb4_unicode_ci NOT NULL COMMENT '用户名',
  `password` varchar(255) COLLATE utf8mb4_unicode_ci NOT NULL COMMENT '密码',
  `avatr` varchar(128) COLLATE utf8mb4_unicode_ci DEFAULT NULL COMMENT '头像',
  `login_count` int(11) NOT NULL DEFAULT '0' COMMENT '登录次数',
  `create_ip` varchar(128) COLLATE utf8mb4_unicode_ci DEFAULT NULL COMMENT '注册ip',
  `last_login_ip` varchar(128) COLLATE utf8mb4_unicode_ci DEFAULT NULL COMMENT '最后登录IP',
  `status` tinyint(4) NOT NULL DEFAULT '1' COMMENT '状态: 1 正常, 2=>禁止',
  `created_at` timestamp NULL DEFAULT NULL,
  `updated_at` timestamp NULL DEFAULT NULL,
  PRIMARY KEY (`id`),
  KEY `admins_status_index` (`status`)
) ENGINE=InnoDB AUTO_INCREMENT=7 DEFAULT CHARSET=utf8mb4 COLLATE=utf8mb4_unicode_ci;

-- ----------------------------
--  Records of `admins`
-- ----------------------------
BEGIN;
INSERT INTO `admins` VALUES ('1', '科诺设计', '$2y$10$jkIO148FM6Ll/fPDE6.p4OtNk9grAPCmJLr84pnJhLA7Mkr8HcNDa', '/uploads/images/avatrs/201711/13//1510542803_2gM4ffLylf.jpeg', '7', '127.0.0.1', '127.0.0.1', '1', '2017-11-12 11:21:32', '2017-11-21 09:02:27'), ('2', 'kenuo', '$2y$10$bd5c1KVPi9v7LxFp38eEzuvOi9l10Qa.XkBMyQZvWqOw5T1RaEgzC', '/uploads/images/avatrs/201711/20//1511187903_Wm8IDdgbl0.jpeg', '0', '127.0.0.1', '127.0.0.1', '1', '2017-11-12 11:21:46', '2017-11-20 14:25:03');
COMMIT;

-- ----------------------------
--  Table structure for `migrations`
-- ----------------------------
DROP TABLE IF EXISTS `migrations`;
CREATE TABLE `migrations` (
  `id` int(10) unsigned NOT NULL AUTO_INCREMENT,
  `migration` varchar(255) COLLATE utf8mb4_unicode_ci NOT NULL,
  `batch` int(11) NOT NULL,
  PRIMARY KEY (`id`)
) ENGINE=InnoDB AUTO_INCREMENT=9 DEFAULT CHARSET=utf8mb4 COLLATE=utf8mb4_unicode_ci;

-- ----------------------------
--  Records of `migrations`
-- ----------------------------
BEGIN;
INSERT INTO `migrations` VALUES ('1', '2017_11_09_101232_create_admins_table', '1'), ('2', '2017_11_09_102926_create_roles_table', '1'), ('3', '2017_11_09_103632_create_rules_table', '1'), ('4', '2017_11_09_104449_create_admin_role_table', '1'), ('5', '2017_11_09_104749_create_role_auth_table', '1'), ('6', '2017_11_17_075523_create_action_logs_table', '2'), ('7', '2017_11_21_072911_add_type_to_action_logs', '3'), ('8', '2017_11_21_102920_add_fonts_to_rules', '4');
COMMIT;

-- ----------------------------
--  Table structure for `role_auth`
-- ----------------------------
DROP TABLE IF EXISTS `role_auth`;
CREATE TABLE `role_auth` (
  `id` int(10) unsigned NOT NULL AUTO_INCREMENT,
  `role_id` int(11) NOT NULL COMMENT '角色id',
  `rule_id` int(11) NOT NULL COMMENT '权限id',
  `created_at` timestamp NULL DEFAULT NULL,
  `updated_at` timestamp NULL DEFAULT NULL,
  PRIMARY KEY (`id`),
  KEY `role_auth_role_id_index` (`role_id`),
  KEY `role_auth_rule_id_index` (`rule_id`)
) ENGINE=InnoDB AUTO_INCREMENT=67 DEFAULT CHARSET=utf8mb4 COLLATE=utf8mb4_unicode_ci;

-- ----------------------------
--  Records of `role_auth`
-- ----------------------------
BEGIN;
INSERT INTO `role_auth` VALUES ('12', '1', '1', '2017-11-13 15:21:24', '2017-11-13 15:21:24'), ('13', '1', '2', '2017-11-13 15:21:24', '2017-11-13 15:21:24'), ('14', '1', '3', '2017-11-13 15:21:24', '2017-11-13 15:21:24'), ('15', '1', '4', '2017-11-13 15:21:24', '2017-11-13 15:21:24'), ('16', '1', '5', '2017-11-13 15:21:24', '2017-11-13 15:21:24'), ('17', '1', '6', '2017-11-13 15:21:24', '2017-11-13 15:21:24'), ('18', '1', '7', '2017-11-13 15:21:24', '2017-11-13 15:21:24'), ('19', '1', '8', '2017-11-13 15:21:24', '2017-11-13 15:21:24'), ('20', '1', '9', '2017-11-13 15:21:24', '2017-11-13 15:21:24'), ('21', '2', '5', '2017-11-16 08:54:07', '2017-11-16 08:54:07'), ('23', '2', '2', '2017-11-17 10:00:06', '2017-11-17 10:00:06'), ('24', '1', '10', '2017-11-20 02:47:13', '2017-11-20 02:47:13'), ('25', '1', '11', '2017-11-20 02:47:13', '2017-11-20 02:47:13'), ('26', '1', '12', '2017-11-20 02:47:13', '2017-11-20 02:47:13'), ('27', '1', '13', '2017-11-20 02:47:13', '2017-11-20 02:47:13'), ('28', '1', '14', '2017-11-20 02:47:13', '2017-11-20 02:47:13'), ('29', '1', '15', '2017-11-20 02:47:13', '2017-11-20 02:47:13'), ('30', '1', '16', '2017-11-20 02:47:13', '2017-11-20 02:47:13'), ('31', '1', '17', '2017-11-20 02:47:13', '2017-11-20 02:47:13'), ('32', '1', '18', '2017-11-20 02:47:13', '2017-11-20 02:47:13'), ('49', '1', '19', '2017-11-20 04:05:53', '2017-11-20 04:05:53'), ('50', '1', '20', '2017-11-20 04:05:53', '2017-11-20 04:05:53'), ('51', '1', '21', '2017-11-20 04:05:53', '2017-11-20 04:05:53'), ('52', '1', '22', '2017-11-20 04:05:53', '2017-11-20 04:05:53'), ('53', '1', '23', '2017-11-20 04:05:53', '2017-11-20 04:05:53'), ('54', '1', '24', '2017-11-20 04:05:53', '2017-11-20 04:05:53'), ('55', '1', '25', '2017-11-20 04:05:53', '2017-11-20 04:05:53'), ('56', '2', '1', '2017-11-20 14:24:43', '2017-11-20 14:24:43'), ('57', '2', '3', '2017-11-20 14:24:43', '2017-11-20 14:24:43'), ('58', '2', '4', '2017-11-20 14:24:43', '2017-11-20 14:24:43'), ('59', '2', '11', '2017-11-20 14:24:43', '2017-11-20 14:24:43'), ('60', '2', '12', '2017-11-20 14:24:43', '2017-11-20 14:24:43'), ('61', '2', '19', '2017-11-20 14:24:43', '2017-11-20 14:24:43'), ('62', '2', '22', '2017-11-20 14:24:43', '2017-11-20 14:24:43'), ('63', '2', '16', '2017-11-20 16:09:15', '2017-11-20 16:09:15'), ('64', '2', '17', '2017-11-20 16:09:15', '2017-11-20 16:09:15'), ('65', '1', '26', '2017-11-21 09:18:31', '2017-11-21 09:18:31'), ('66', '1', '27', '2017-11-21 09:18:31', '2017-11-21 09:18:31');
COMMIT;

-- ----------------------------
--  Table structure for `roles`
-- ----------------------------
DROP TABLE IF EXISTS `roles`;
CREATE TABLE `roles` (
  `id` int(10) unsigned NOT NULL AUTO_INCREMENT,
  `name` varchar(255) COLLATE utf8mb4_unicode_ci NOT NULL COMMENT '角色名称',
  `remark` text COLLATE utf8mb4_unicode_ci COMMENT '角色描述',
  `order` tinyint(3) unsigned NOT NULL DEFAULT '255' COMMENT '排序',
  `status` tinyint(4) NOT NULL DEFAULT '1' COMMENT '状态: 1 正常, 2=>禁止',
  `created_at` timestamp NULL DEFAULT NULL,
  `updated_at` timestamp NULL DEFAULT NULL,
  PRIMARY KEY (`id`),
  KEY `roles_name_index` (`name`),
  KEY `roles_status_index` (`status`)
) ENGINE=InnoDB AUTO_INCREMENT=3 DEFAULT CHARSET=utf8mb4 COLLATE=utf8mb4_unicode_ci;

-- ----------------------------
--  Records of `roles`
-- ----------------------------
BEGIN;
INSERT INTO `roles` VALUES ('1', '超级管理员', '拥有网站最大权限', '255', '1', '2017-11-12 11:20:51', '2017-11-12 11:20:51'), ('2', '管理员', '管理后台的人员', '255', '1', '2017-11-12 11:21:04', '2017-11-17 10:01:57');
COMMIT;

-- ----------------------------
--  Table structure for `rules`
-- ----------------------------
DROP TABLE IF EXISTS `rules`;
CREATE TABLE `rules` (
  `id` int(10) unsigned NOT NULL AUTO_INCREMENT,
  `name` varchar(255) COLLATE utf8mb4_unicode_ci NOT NULL COMMENT '权限名称',
  `route` varchar(255) COLLATE utf8mb4_unicode_ci DEFAULT NULL COMMENT '权限路由',
  `parent_id` int(10) unsigned NOT NULL DEFAULT '0' COMMENT '上级权限',
  `is_hidden` tinyint(3) unsigned NOT NULL DEFAULT '0' COMMENT '是否隐藏',
  `sort` int(10) unsigned NOT NULL DEFAULT '255' COMMENT '排序',
  `status` tinyint(4) NOT NULL DEFAULT '1' COMMENT '状态: 1 正常, 2=>禁止',
  `created_at` timestamp NULL DEFAULT NULL,
  `updated_at` timestamp NULL DEFAULT NULL,
  `fonts` varchar(128) COLLATE utf8mb4_unicode_ci DEFAULT NULL COMMENT '菜单fonts图标',
  PRIMARY KEY (`id`),
  KEY `rules_name_index` (`name`),
  KEY `rules_parent_id_index` (`parent_id`),
  KEY `rules_is_hidden_index` (`is_hidden`),
  KEY `rules_status_index` (`status`)
) ENGINE=InnoDB AUTO_INCREMENT=28 DEFAULT CHARSET=utf8mb4 COLLATE=utf8mb4_unicode_ci;

-- ----------------------------
--  Records of `rules`
-- ----------------------------
BEGIN;
INSERT INTO `rules` VALUES ('1', '后台首页', 'index.index', '0', '0', '1', '1', '2017-11-13 05:45:27', '2017-11-21 10:43:16', 'home'), ('2', '欢迎界面', 'index.main', '1', '1', '255', '1', '2017-11-13 07:41:14', '2017-11-20 03:31:52', null), ('3', '后台授权', null, '0', '0', '2', '1', '2017-11-13 08:06:50', '2017-11-21 10:44:00', 'users'), ('4', '管理员管理', 'admins.index', '3', '0', '1', '1', '2017-11-13 08:09:06', '2017-11-17 13:40:33', null), ('5', '添加页面', 'admins.create', '4', '1', '255', '1', '2017-11-13 10:56:30', '2017-11-13 10:57:48', null), ('6', '添加数据', 'admins.store', '4', '1', '255', '1', '2017-11-13 10:57:46', '2017-11-13 10:58:56', null), ('7', '修改页面', 'admins.edit', '4', '1', '255', '1', '2017-11-13 10:58:44', '2017-11-13 10:59:09', null), ('8', '数据更新', 'admins.update', '4', '1', '255', '1', '2017-11-13 10:59:52', '2017-11-17 13:32:23', null), ('9', '状态修改', 'admins.status', '4', '1', '255', '1', '2017-11-17 10:05:34', '2017-11-17 13:27:06', null), ('10', '删除', 'admins.destroy', '4', '1', '255', '1', '2017-11-17 10:08:41', '2017-11-17 13:27:35', null), ('11', '角色管理', 'roles.index', '3', '0', '2', '1', '2017-11-13 11:00:47', '2017-11-17 13:40:43', null), ('12', '添加页面', 'roles.create', '11', '1', '255', '1', '2017-11-17 13:02:52', '2017-11-17 13:25:22', null), ('13', '添加数据', 'roles.store', '11', '1', '255', '1', '2017-11-17 13:03:46', '2017-11-17 13:03:46', null), ('14', '修改页面', 'roles.edit', '11', '1', '255', '1', '2017-11-17 13:06:47', '2017-11-17 13:08:30', null), ('15', '数据更新', 'roles.update', '11', '1', '255', '1', '2017-11-17 13:08:12', '2017-11-17 13:08:27', null), ('16', '权限分配页面', 'roles.access', '11', '1', '255', '1', '2017-11-17 13:09:58', '2017-11-17 13:10:31', null), ('17', '权限分配', 'roles.group-access', '11', '1', '255', '1', '2017-11-17 13:11:01', '2017-11-17 13:11:01', null), ('18', '删除角色', 'roles.destroy', '11', '1', '255', '1', '2017-11-17 13:12:22', '2017-11-17 13:12:22', null), ('19', '权限管理', 'rules.index', '3', '0', '3', '1', '2017-11-17 13:14:27', '2017-11-17 13:44:15', null), ('20', '添加页面', 'rules.create', '19', '1', '255', '1', '2017-11-17 13:16:30', '2017-11-17 13:16:30', null), ('21', '添加数据', 'rules.store', '19', '1', '255', '1', '2017-11-17 13:17:07', '2017-11-17 13:17:07', null), ('22', '修改页面', 'rules.edit', '19', '1', '255', '1', '2017-11-17 13:19:23', '2017-11-17 13:19:23', null), ('23', '数据更新', 'rules.update', '19', '1', '255', '1', '2017-11-17 13:19:55', '2017-11-17 13:19:55', null), ('24', '状态修改', 'rules.status', '19', '1', '255', '1', '2017-11-17 13:21:26', '2017-11-17 13:21:26', null), ('25', '删除权限', 'rules.destroy', '19', '1', '255', '1', '2017-11-17 13:22:30', '2017-11-17 13:22:30', null), ('26', '操作日志', 'actions.index', '3', '0', '255', '1', '2017-11-20 15:13:17', '2017-11-20 15:13:17', null), ('27', '删除日志', 'actions.destroy', '26', '1', '255', '1', '2017-11-20 15:14:01', '2017-11-20 15:14:01', null);
COMMIT;

SET FOREIGN_KEY_CHECKS = 1;
